Event Label,Event Action
https://www.icarda.org/media/drywire/vital-contribution-women-livelihoods-resilience-during-covid-19,1
http://ebrary.ifpri.org/utils/getfile/collection/p15738coll2/id/133253/filename/133464.pdf,1
https://ccafs.cgiar.org/publications/gender-and-inclusion-toolbox-participatory-research-climate-change-and-agriculture#.WhVxjbbMzOR,1
http://agriprofocus.com/upload/ToolkitENGender_in_Value_ChainsJan2014compressed1415203230.pdf,1
https://storage.googleapis.com/cgiarorg/2020/12/SC-Members-Website_03December2020.pdf,1
https://storage.googleapis.com/cgiarorg/2020/06/SC10-06-One-CGIAR-Progress-Report.pdf,1
https://cgspace.cgiar.org/bitstream/handle/10568/107167/14_EiB_2020_POWB_January%2014%2c%202020_FINAL.pdf?sequence=1&isAllowed=y,1
https://cgspace.cgiar.org/bitstream/handle/10568/100691/CGIAR-Budget-Template-Guidance-Gender-Platform-3April2019.pdf?sequence=4&isAllowed=y,1
https://storage.googleapis.com/cgiarorg/2020/11/SC11-ISDC-Progress-and-2021-Look-Ahead.pdf,1
http://www.fsnnetwork.org/sites/default/files/acdivoca_10_steps_for_operationalizing_a_gender_analysis_study.pdf,1
https://cgspace.cgiar.org/bitstream/handle/10568/108347/WLE_2019_AnnualReport_Final_15May2020.pdf?sequence=1&isAllowed=y,1
https://www.cgiar.org/wp/wp-content/uploads/2019/02/CGIAR-Business-Plan-Web.pdf,1
https://storage.googleapis.com/cgiarorg/2020/03/APPROVED_2020-2021-Financing-Plan-and-Guidance.pdf,1
https://ispc.cgiar.org/sites/default/files/docs/Session%206_Tilapia%20Adoption_Benzie.pdf,1
http://books.irri.org/Creating-Sus-Value-Chains_Nafees-policy-brief_160420.pdf,1
http://ebrary.ifpri.org/utils/getfile/collection/p15738coll2/id/133717/filename/133931.pdf,1
http://www.ifpri.org/cdmref/p15738coll2/id/132348/filename/132559.pdf,1
https://storage.googleapis.com/cgiarorg/2020/11/SB18-02bii_Investment-Plan-CGIAR-2022-24-outline.pdf,1
https://storage.googleapis.com/cgiarorg/2020/06/Foresight-and-Trade-off-Implications-for-One-CGIAR-FINAL.pdf,1
https://cgspace.cgiar.org/bitstream/handle/10568/97706/GLDC-Leaflet-Web.pdf?sequence=5&isAllowed=y,1
https://www.cgiar.org/wp/wp-content/uploads/2018/12/SMB12-01_Agenda-ADOPTED.pdf,1
http://gennovate.org,1
http://library.cgiar.org/bitstream/handle/10947/4370/CGIAR%20System%20Charter%20-%20WEB.pdf?sequence=4,1
https://storage.googleapis.com/cgiarorg/2020/12/RFP-HR-Consultancy-to-support-One-CGIAR-Transition-17122020.pdf,1
https://www.cimmyt.org/news/empowered-rural-women-take-on-entrepreneurship/,1
http://ebrary.ifpri.org/utils/getfile/collection/p15738coll2/id/133635/filename/133827.pdf,1
https://cgspace.cgiar.org/bitstream/handle/10568/65144/Climate-smart%20villages%20and%20the%20hope%20of%20food%20secure%20households.pdf,1
https://cgspace.cgiar.org/bitstream/handle/10568/107169/12_WLE%20POWB%202020_FINAL.pdf?sequence=1&isAllowed=y,1
https://cgspace.cgiar.org/bitstream/handle/10568/110046/CGIAR-2019-Intellectual-Assets-Report.pdf?sequence=1&isAllowed=y,1
https://cgspace.cgiar.org/bitstream/handle/10947/3062/CGIAR-Funder-Acknowledgement-Guidelines-June-2018.pdf?sequence=6&isAllowed=y,1
https://storage.googleapis.com/cgiarorg/2020/10/SB18-05_ChairsSummary.pdf,1
https://www.cgiar.org/wp/wp-content/uploads/2018/09/TOR_InternalAuditSupportService-APPROVED.pdf,1
https://www.canvas.net/browse/usaid/courses/usaid-land-tenure,1
https://storage.googleapis.com/cgiarorg/2020/07/COVID-19-Statement-SMB-20200716.pdf,1
http://www.ifpri.org/publication/improving-diets-and-nutrition-through-integrated-poultry-value-chain-and-nutrition,1
http://oar.icrisat.org/10984/1/Gendered%20aspirations%20and%20occupations.pdf,1
http://pub.epsilon.slu.se/10383/,1
https://storage.googleapis.com/cgiarorg/2020/11/Policy-Note-5-Climate-Security-in-Colombia-For-Publishing.pdf,1
http://www.vuna-africa.com,1
http://www.worldagroforestry.org/sites/agroforestry/files/2020-05/Annual%20Report%202018_1.pdf,1
https://storage.googleapis.com/cgiarorg/2019/08/SC8-14_MeetingSummary_APPROVED.pdf,1
https://www.slideshare.net/IFPRI-PIM/understanding-gendered-rice-varietal-trait-preferences-case-of-stress-tolerant-rice-in-odisha,1
https://oceanpanel.org/sites/default/files/2020-11/Follow%20the%20Sun%20Events%20Calendar_2.pdf,1
https://storage.googleapis.com/cgiarorg/2020/10/RFP_Fit-for-Purpose-Assessment-of-CGIAR-Performance-Results-Management-System2.pdf,1
http://www.rtb.cgiar.org/gender-breeding-initiative/activities/sharing-experiences-and-developing-collaboration-to-integrate-gender-in-breeding-programs/?utm_source=rss&utm_medium=rss&utm_campaign=sharing-experiences-and-developing-collaboration-to-integrate-gender-in-breeding-programs,1
https://library.cgiar.org/bitstream/handle/10947/4650/Background%20note%20-%20Establishment%20and%20HQ%20agreements%20-%20Syst%20Org%20%28Feb%202017%29.pdf?sequence=1,1
https://storage.googleapis.com/cgiarorg/2020/11/Request-for-Proposal-One-CGIAR-IT-Research-Advisory-Services.pdf,1
https://cgspace.cgiar.org/handle/10568/72826,1
https://www.cgiar.org/pdf/healingwounds.pdf#,1
https://cgspace.cgiar.org/bitstream/handle/10568/100123/CCAFS%20WP%20257_CSV%20Roving%20Workshop.pdf,1
https://mailchi.mp/9350aa7e1af8/gender-considerations-during-crises,1
https://cgspace.cgiar.org/bitstream/handle/10568/105573/CGIAR-Financial-Report-2018.pdf?sequence=1&isAllowed=y,1
https://cgspace.cgiar.org/bitstream/handle/10568/107170/11_2020_Wheat_POWB_final2.pdf?sequence=1&isAllowed=y,1
https://storage.googleapis.com/cgiarorg/2018/10/SC7-H_Program-Performance-Management-Standards.pdf,1
https://www.cultivate-africa.org/,1
https://wle.cgiar.org/vacancy-gender-consultant,1
https://cgspace.cgiar.org/bitstream/handle/10568/89415/Policy-on-CGIAR-System-Cost-Financing.pdf?sequence=5&isAllowed=y,1
http://library.cgiar.org/bitstream/handle/10947/2630/Consortium_Gender_Strategy.pdf?sequence=4,1
http://www.cifor.org/publications/pdf_files/AReports/CRP/ARCRP2019.pdf,1
http://www.ifpri.org/publication/gender-mapper,1
http://pdf.usaid.gov/pdf_docs/pnadm073.pdf,1
http://library.cgiar.org/bitstream/handle/10947/2762/Policy%20for%20Independent%20External%20Evaluation.pdf?sequence=1,1
http://cgiargender.wpengine.com/,1
https://storage.googleapis.com/cgiarorg/2019/11/SC9-Chairs-Summary.pdf,1
http://www.hrea.org/learn/elearning/gendermainstreaming/,1
https://storage.googleapis.com/cgiarorg/2020/11/SC-Decision_FINPLAN.pdf,1
https://library.cgiar.org/bitstream/handle/10947/4648/Version%20consolide%cc%81e%20non-officielle%20de%20l%e2%80%99Accord%20entre%20le%20Gouvernement%20de%20la%20Re%cc%81publique%20franc%cc%a7aise%20et%20l%e2%80%99Organisation%20du%20Syste%cc%80me%20CGIAR%20relatif%20au%20sie%cc%80ge%20de%20l%e2%80%99Organisation%20et%20a%cc%80%20ses%20privile%cc%80ges%20et%20immunite%cc%81s%20sur%20le%20territoire%20franc%cc%a7ais%20%28French%29.pdf?sequence=1,1
https://cas.cgiar.org/sites/default/files/images/news/GLDC%20CRP%20Review%202020_0.pdf,1
https://storage.googleapis.com/cgiarorg/2020/06/SC10-05-MOPAN_CoverNote.pdf,1
https://storage.googleapis.com/cgiarorg/2020/11/Policy-Note-6-A-Partnership-Agenda-for-Climate-Security-For-Publishing.pdf,1
https://cgspace.cgiar.org/bitstream/handle/10568/89817/EiB-Web.pdf?sequence=4&isAllowed=y,1
https://cgspace.cgiar.org/bitstream/handle/10568/102090/CGIAR_Audited%20Financial%20Statements_2018.pdf?sequence=1&isAllowed=y,1
http://iea.cgiar.org/wp-content/uploads/2016/10/AAS-FINAL-report.pdf,1
https://twitter.com/r_puskur,1
https://storage.googleapis.com/cgiarorg/2020/11/SB18-01_Provisional-Agenda.pdf,1
https://storage.googleapis.com/cgiarorg/2020/06/SG-Policy-Brief-on-COVID-Impact-on-Food-Security-FINAL2.pdf,1
https://www.cgiar.org/wp/wp-content/uploads/2018/09/Selected-external-partnerships-in-2017-FINAL-VERSION-1.pdf,1
https://storage.googleapis.com/cgiarorg/2020/09/HighLevelSummary-Functions-CGIARSystem_updatedSep2020.pdf,1
http://www.iwmi.cgiar.org/About_IWMI/Strategic_Documents/Annual_Reports/2019/iwmi-annual-report-2018.pdf,1
https://storage.googleapis.com/cgiarorg/2020/05/be5a95fc-cgiar_inaugural-emt-candidate-information-pack_15may2020.pdf,1
https://storage.googleapis.com/cgiarorg/2020/05/SC10-02-COVID-19_ResearchResponse.pdf,1
https://www.cgiar.org/wp/wp-content/uploads/2018/01/GPN-Control-Self-Assessment-July-2017.pdf,1
https://storage.googleapis.com/cgiarorg/2020/01/SMB16-07_Green-Climate-Fund-Way-Forward.pdf,1
http://cgiar.org,1
https://cgspace.cgiar.org/bitstream/handle/10568/89819/FISH-Web.pdf?sequence=4&isAllowed=y,1
https://cgspace.cgiar.org/bitstream/handle/10568/103816/CGIAR-2018-Intellectual-Assets-Report-Web.pdf,1
https://www.ifad.org/web/knowledge/tools?mode=search&catTopics=39130755,1
https://cgspace.cgiar.org/bitstream/handle/10568/90971/oar_icrisat_feb2018.pdf?sequence=1,1
https://www.cifor.org/library/7001/un-womens-evaluation-of-gender-in-the-sdgs-what%C2%92s-the-role-for-the-cgiar/,1
https://storage.googleapis.com/cgiarorg/2020/08/FR-dashboards-snapshot.pdf,1
http://www.bioversityinternational.org/jobs/,1
https://www.cifor.org/publications/pdf_files/AReports/AR2019/AR2019.pdf,1
https://storage.googleapis.com/cgiarorg/2019/02/CGIAR-Business-Plan-Web.pdf,1
https://storage.googleapis.com/cgiarorg/2020/12/SC-Decision_FINPLAN.pdf,1
http://eservices.africarice.org/Eguides/Files/PSU/RFP%20Breeding%20System%20Dev_%20BMS.pdf,1
https://storage.googleapis.com/cgiarorg/2020/06/One-CGIAR-Newsletter-6th-edition-26-June.pdf,1
http://eservices.africarice.org/Eguides/Files/PSU/DIGITAL%20AGRICULTURAL%20MONITORING%20TOOL%2011122020.pdf,1
https://nkxms1019hx1xmtstxk3k9sko-wpengine.netdna-ssl.com/wp-content/uploads/sasha-documents/Brochure_SPHI.pdf,1
http://foreststreesagroforestry.org/the-costs-and-benefits-of-challenging-the-patriarchy-for-women-charcoal-producers-in-zambia/,1
https://storage.googleapis.com/cgiarorg/2020/08/SC10-11_MeetingSummary_APPROVED.pdf,1
https://www.ifpri.org/blog/reach-benefit-or-empower-clarifying-gender-strategies-development-projects,1
https://eur03.safelinks.protection.outlook.com/?url=https%3A%2F%2Fgatesgenderequalitytoolbox.org%2Fmeasuring-empowerment%2F&data=02%7C01%7Cm.tyszler%40kit.nl%7C06c5f8cb67164823692d08d70003d7d8%7C99193bd4318d47c6a89624e15f7a7e1b%7C1%7C1%7C636977888825921915&sdata=9gQ6gjvnffT0KGb%2FViLKj%2FntgjaCtdJuczu3dyIkc5Y%3D&reserved=0,1
https://cgspace.cgiar.org/bitstream/handle/10568/107174/07_CRP%20Livestock%20POWB%202020%20FINAL.pdf?sequence=1&isAllowed=y,1
https://storage.googleapis.com/cgiarorg/2020/03/SC9-11_MeetingSummary_APPROVED.pdf,1
https://www.cimmyt.org/the-missing-seed-market-promoting-improved-seeds-for-women-farmers/,1
http://iea.cgiar.org/wp-content/uploads/2016/10/AAS-Evaluation-Brief-1.pdf,1
https://poshan.outlookindia.com/story/poshan-news-the-game-changer/333941,1
http://goo.gl/forms/VhHYpM6dF8,1
http://www3.weforum.org/docs/White_Paper_Livestock_Emerging%20Economies.pdf,1
https://worldfishcenter.org/content/impact-gender-blindness-social-ecological-resilience-case-communal-pasture-highlands,1
https://oceanpanel.org/sites/default/files/2020-11/Follow%20the%20Sun%20Events%20Calendar%20%281%29.pdf,1
https://cgspace.cgiar.org/bitstream/handle/10947/4485/CGIAR%20FInancial%20Guidelines%20Series%206.pdf?sequence=1,1
https://storage.googleapis.com/cgiarorg/2020/11/CGIAR-Research-Ethics-Code-Approved-3Nov2020.pdf,1
https://twitter.com/rohinirmohan,1
https://www.irri.org/news-and-events/news/launch-cgiar-gender-platform-highlighted-african-green-revolution-forum-agrf,1
https://cgspace.cgiar.org/bitstream/handle/10568/97418/2017-CGIAR-Financial-Report-Web.pdf?sequence=1&isAllowed=y,1
https://repository.cimmyt.org/bitstream/handle/10883/21007/62879.pdf?sequence=2&isAllowed=y,1
https://cgspace.cgiar.org/handle/10568/68525,1
https://genderfoodpolicy.files.wordpress.com/2016/02/tor_wfp-food-assistance-for-assets-project.pdf,1
https://library.cgiar.org/bitstream/handle/10947/3865/CGIAR%20Strategy%20and%20Results%20Framework.pdf?sequence=1,1
https://www.linkedin.com/company/3279391?trk=tyah&trkInfo=clickedVertical%3Acompany%2CclickedEntityId%3A3279391%2Cidx%3A2-1-2%2CtarId%3A1442263371999%2Ctas%3Acgiar,1
https://www.rtb.cgiar.org/news/rural-women-are-key-for-limiting-crop-pests-and-diseases/,1
http://books.irri.org/AR2019_audited-financial-statements.pdf,1
https://storage.googleapis.com/cgiarorg/2020/09/CGIAR-Ethics-Framework-Sept-2020.pdf,1
https://www.cgiar.org/funders/,1
https://www.cgiar.org/wp/wp-content/uploads/2018/01/GPN-Project-Management-July-2017.pdf,1
http://www.fao.org/fileadmin/templates/cfs/Docs1920/BurAG/18_September_2020/CFS-Special-Event-DRAFT-Programme-02OctV1.pdf,1
https://twitter.com/yemi_adeyeye,1
https://cgspace.cgiar.org/bitstream/handle/10568/107179/02_CCAFS%20POWB%202020.pdf?sequence=1&isAllowed=y,1
http://www.galsatscale.net,1
http://oar.icrisat.org/10939/1/ca1826en.pdf,1
https://storage.googleapis.com/cgiarorg/2019/10/e5df153d-sc9-04_advisory-services-workplan-budget-2020.pdf,1
https://storage.googleapis.com/cgiarorg/2019/11/Presentation_srg-recommendations-for-one-cgiar.pdf,1
https://cgspace.cgiar.org/bitstream/handle/10568/107168/13_Big%20Data%20Platform%20POWB%202020.pdf?sequence=1&isAllowed=y,1
http://www.ifpri.org/publication/research-guide-gender-disaggregated-analysis-climate-change-impacts-and-adaptation,1
http://library.cgiar.org/bitstream/handle/10947/4413/2.%20RTB-CRP%20and%20FP%20Narratives%20Proposal%202017-2022_16_07_27.pdf?sequence=1,1
https://storage.googleapis.com/cgiarorg/2020/11/SC11-03a_OneCGIAR-Research-Innovation-Strategy-2-2.pdf,1
https://storage.googleapis.com/cgiarorg/2020/10/RTB-Annual-Report-2019.pdf,1
https://ceres2030.org/wp-content/uploads/2020/11/ceres2030_launch-summary-report.pdf,1
https://doi.org/10.1007/s11205-018-1934-z,1
https://library.cgiar.org/bitstream/handle/10947/4647/Unofficial%20consolidated%20version%20of%20the%20Agreement%20regarding%20the%20headquarters%20of%20the%20CGIAR%20System%20Organization%20and%20its%20privileges%20and%20immunities%20on%20French%20territory%20%28English%29.pdf?sequence=1,1
https://gatesgenderequalitytoolbox.org/,1
https://cgspace.cgiar.org/bitstream/handle/10568/89825/MAIZE-Web.pdf?sequence=4&isAllowed=y,1
http://gender.wpengine.com/wp-content/uploads/2015/11/Woman-and-children-Vietnam_credit-Marlène-Elias_resized.png,1
http://agrigender.net/uploads/JGAFS-132016-6-Paper.pdf,1
https://storage.googleapis.com/cgiarorg/2020/11/CGIAR-Code-of-Conduct-Gov-Officials-Approved-03.11.20.pdf,1
https://storage.googleapis.com/cgiarorg/2020/06/MOPAN-Presentation-for-CGIAR-System-Council.pdf,1
https://storage.googleapis.com/cgiarorg/2020/10/Draft-CGIAR-Performance-and-Results-Management-Framework-2022-30.pdf,1
https://ilri.simplicant.com/jobs/35313-program-manager-cgiar-gender-platform/detail,1
http://ebrary.ifpri.org/utils/getfile/collection/p15738coll2/id/133722/filename/133933.pdf,1
https://storage.googleapis.com/cgiarorg/2020/07/ONE-CGIAR-Getting-Involved.pdf,1
https://www.cgiar.org/wp/wp-content/uploads/2018/10/Policies-investments-informed-by-CGIAR-Research-3.pdf,1
https://cgspace.cgiar.org/bitstream/handle/10568/92414/EiB-2018-POWB.pdf?sequence=1&isAllowed=y,1
https://storage.googleapis.com/cgiarorg/2019/04/GA3-07_Co-ChairsSummary.pdf,1
https://storage.googleapis.com/cgiarorg/2020/11/SC11-04b_Investment-Plan-CGIAR-2022-24-outline-for-SC.pdf,1
https://www.cgiar.org/wp/wp-content/uploads/2019/04/2019-2021-Financing-Plan_APPROVED.pdf,1
https://kit-events.webex.com/kit-events/lsr.php?RCID=dc275d8729b07f600ed38c5614946bc9,1
https://cgspace.cgiar.org/bitstream/handle/10568/89826/A4NH-Web.pdf?sequence=4&isAllowed=y,1
http://library.cgiar.org/bitstream/handle/10947/2618/Examples_of_restrictions_to_global_access_to_maximize_impact.pdf?sequence=4,1
https://storage.googleapis.com/cgiarorg/2020/12/Appointment-of-CGIAR-System-Board-common-board-member-2020-Q4.pdf,1
https://storage.googleapis.com/cgiarorg/2020/07/Final_AR2019_CRP-GLDC_July2020_upload-to-CGSpace.pdf,1
https://storage.googleapis.com/cgiarorg/2020/03/TCF-Co-Chairs-Message-2nd-Edition-March-2020.pdf,1
https://supportagresearch.org/assets/pdf/Payoff_to_Investing_in_CGIAR_Research_final_October_2020.pdf,1
https://www.cgiar.org/wp/wp-content/uploads/2016/05/Note-on-Selection-Process-for-Members-and-Alternates-of-CGIAR-System-Council.pdf,1
https://cgspace.cgiar.org/bitstream/handle/10568/109228/GDI-Matrix-Indicators-August%202020.pdf?sequence=1&isAllowed=y,1
https://storage.googleapis.com/cgiarorg/2020/11/Vacancy-Announcement-CGIAR-Ethics-Counsel.pdf,1
https://cgspace.cgiar.org/bitstream/handle/10947/4371/CGIAR%20System%20Framework%20-%20WEB.pdf?sequence=7,1
https://cgspace.cgiar.org/bitstream/handle/10568/89821/GENEBANK-Web.pdf?sequence=4&isAllowed=y,1
https://www.cgiar.org/wp/wp-content/uploads/2018/01/TOR-CGIAR-InternalAuditFunction-APPROVED.pdf,1
https://cgspace.cgiar.org/bitstream/handle/10568/89827/CCAFS-Web.pdf?sequence=4&isAllowed=y,1
https://storage.googleapis.com/cgiarorg/2019/12/Ex-GA_Co-ChairsSummary_Dec2019.pdf,1
http://ebrary.ifpri.org/cdm/ref/collection/p15738coll2/id/129042,1
https://storage.googleapis.com/cgiarorg/2019/09/8048d6f7-annex-8-status-of-evaluations-impact-assessments-and-learning-exercises.pdf,1
https://www.cgiar.org/news-events/news/the-new-mopan-report-includes-some-old-news-about-cgiar/,1
https://www.cgiar.org/wp/wp-content/uploads/2019/03/ARC14_07_SO_InternalAuditCharter_April-2018.pdf,1
https://wle.cgiar.org/solutions/participatory-gender-training-community-groups,1
https://storage.googleapis.com/cgiarorg/2020/11/SC11-04a_Investment-Plan-Initiative-process-document.pdf,1
https://www.nyas.org/media/22525/seems-nutrition-2-pager.pdf,1
http://a4nh.cgiar.org/gender/,1
https://worldfish.workable.com/jobs/236401,1
http://iea.cgiar.org/wp-content/uploads/2016/10/CGIAR-Gender-Evaluation-Inception-Report-NEW-2.pdf,1
https://www.cgiar.org/wp/wp-content/uploads/2019/05/Background-Note-Establishment-Agreement-System-Organization-April2019.pdf,1
http://bit.ly/CGIAR_Strategy_and_Results_Framework,1
http://agsci.psu.edu/international/gaeei/events/gender-atelier,1
https://www.flickr.com/photos/187086330@N03/favorites,1
https://storage.googleapis.com/cgiarorg/2019/05/0ef3cabe-ciat_ar2018_english_web.pdf,1
https://cipotato.org/,1
https://cgspace.cgiar.org/bitstream/handle/10568/93379/IAF-QAIP.pdf?sequence=1&isAllowed=y,1
https://pim.cgiar.org/files/2020/07/PIM-2019-Annual-Report_FINAL_web-2.pdf,1
http://www.ilri.org/jobs,1
https://cgspace.cgiar.org/handle/10568/66610,1
https://storage.googleapis.com/cgiarorg/2020/11/FINAL-Charting-the-Path-to-Peace_Policy-Note-8-1.pdf,1
https://cgspace.cgiar.org/bitstream/handle/10568/89829/WHEAT-Web.pdf?sequence=4&isAllowed=y,1
https://storage.googleapis.com/cgiarorg/2020/08/Policy-Note-1-For-Publishing-1.pdf,1
https://www.empowerwomen.org/en,1
http://www.unwomen.org/en/digital-library/publications/2018/2/gender-equality-in-the-2030-agenda-for-sustainable-development-2018,1
https://cgspace.cgiar.org/handle/10568/72449,1
https://storage.googleapis.com/cgiarorg/2020/01/SMB16-03a_Initial-Steps-and-Transition-Support-to-One-CGIAR-v3-WEBSITE.pdf,1
https://storage.googleapis.com/cgiarorg/2020/03/CGIAR-System-Organization-Risk-Management-Policy.pdf,1
https://www.worldfishcenter.org/landing-page/celebrating-international-womens-day-2019,1
https://storage.googleapis.com/cgiarorg/2020/10/SB18-02ai_CGIAR-2030-Research-and-Innovation-Strategy-1.pdf,1
https://storage.googleapis.com/cgiarorg/2019/10/58dd83d6-srg-composition-for-website-11oct2019.pdf,1
https://www.ifpri.org/cdmref/p15738coll2/id/132822/filename/133033.pdf,1
https://storage.googleapis.com/cgiarorg/2020/12/SC11-04a_Investment-Plan-Initiative-process-document-2.pdf,1
https://storage.googleapis.com/cgiar-gdi/2020/09/25206c04-gender_and_corporate_social_responsibility.pdf,1
http://library.cgiar.org/bitstream/handle/10947/2620/IP_Management_to_Facilitate_Sustained_Impact_of_CRP_Research.pdf?sequence=1,1
https://storage.googleapis.com/cgiarorg/2020/06/SC10-03-Rev1_Financial-Response-Flexible-Support.pdf,1
https://cgspace.cgiar.org/bitstream/handle/10568/89823/RICE-Web.pdf?sequence=4&isAllowed=y,1
https://repository.cimmyt.org/bitstream/handle/10883/21000/62777.pdf?sequence=1&isAllowed=y,1
https://www.ifpri.org/blog/international-day-rural-women-2020-building-resilience-and-gender-equity-face-covid-19,1
https://storage.googleapis.com/cgiarorg/2020/10/Draft-CGIAR-2030-Research-and-Innovation-Strategy.pdf,1
https://www.ifpri.org/cdmref/p15738coll2/id/133982/filename/134194.pdf,1
https://www.ifpri.org/cdmref/p15738coll2/id/133646/filename/133857.pdf,1
https://library.cgiar.org/bitstream/handle/10947/3004/REVISED%20Consortium%20Gender%20Research%20Action%20Plan%20April%2016%202014.pdf?sequence=1,1
https://cgspace.cgiar.org/handle/10568/66598,1
https://agriprofocus.com/introduction-to-gender-in-agri,1
https://www.cgiar.org/wp/wp-content/uploads/2019/02/HighLevelSummary-Functions-CGIARSystem_updated5Feb2019.pdf,1
http://eservices.africarice.org/Eguides/Files/PSU/RFP%20cloud%20server%20service%20for%20hosting%20the%20BMS%20-%20reviewed.pdf,1
http://a4nh.cgiar.org/files/2014/03/A4NH-Gender-Strategy-Updated-August-2015.pdf,1
https://storage.googleapis.com/cgiar-gdi/2020/09/806798a9-negotiate_your_way_to_a_more_challenging_and_satisfying_role.pdf,1
https://cgspace.cgiar.org/bitstream/handle/10947/4371/CGIAR%20System%20Framework%20-%20WEB.pdf,1
https://storage.googleapis.com/cgiarorg/2020/06/SC10-09_ConsentAgenda-AOC-Membership.pdf,1
http://www.landesa.org/jobs/senior-research-and-evaluation-specialist/,1
https://storage.googleapis.com/cgiarorg/2020/11/Policy-Note-4-Climate-Security-in-the-Sahel-For-Publishing-1.pdf,1
http://books.irri.org/AR2019_content.pdf,1
https://www.ifpri.org/cdmref/p15738coll2/id/132772/filename/132981.pdf,1
https://storage.googleapis.com/cgiarorg/2018/10/TOR-ISDC_Appproved_04Oct2018.pdf,1
http://wheat.org/gender-in-wheat/,1
https://storage.googleapis.com/cgiarorg/2020/08/One-CGIAR-Newsletter-7th-edition.pdf,1
https://www.ifpri.org/cdmref/p15738coll2/id/133703/filename/133916.pdf,1
http://ilri.org,1
http://library.cgiar.org/bitstream/handle/10947/4537/Godan_Global_Data_Ecosystem_Publication.pdf?sequence=1,1
https://cgspace.cgiar.org/bitstream/handle/10568/107178/03_Forests%2c%20Trees%20and%20Agroforestry%20%28FTA%29%20POWB%202020.pdf?sequence=1&isAllowed=y,1
https://www.kit.nl/project/nespressos-transformative-changes-for-gender-equality/,1
https://www.cgiar.org/wp/wp-content/uploads/2017/12/TOR-SystemCouncilAOC-Approved10Nov2017.pdf,1
https://storage.googleapis.com/cgiarorg/2020/11/System-Board-Decision-Register-25-November-2020.pdf,1
https://cgspace.cgiar.org/bitstream/handle/10947/3865/CGIAR%20Strategy%20and%20Results%20Framework.pdf,1
https://cgspace.cgiar.org/bitstream/handle/10568/89828/PIM-Web.pdf?sequence=4&isAllowed=y,1
http://www.pabra-africa.org/youth-economic-empowerment-through-mechanization-in-tanzania/,1
https://www.cgiar.org/wp/wp-content/uploads/2018/01/GPN-Risk-Management-July-2017.pdf,1
http://foreststreesagroforestry.org/gender-equality-and-innovation-in-agriculture-and-natural-resource-management/,1
https://cgspace.cgiar.org/bitstream/handle/10568/108548/CGIAR-Responding-to-COVID-19.pdf,1
https://cgspace.cgiar.org/bitstream/handle/10568/108331/CGIAR-Audited-Financial-Statement-2019-WEB.pdf?sequence=1&isAllowed=y,1
https://cas.cgiar.org/sites/default/files/images/news/WHEAT%20CRP%20Review%202020.pdf,1
https://storage.googleapis.com/cgiarorg/2020/10/SC_Decision_Register.pdf.pdf,1
https://www.cgiar.org/wp/wp-content/uploads/2018/10/CGIAR-Annual-Performance-Report-2017.pdf,1
https://storage.googleapis.com/cgiarorg/2020/02/TCF-Co-Chairs-Message-1st-Edition-February-2020.pdf,1
https://storage.googleapis.com/cgiarorg/2016/11/SC3-03_Towards-PerformanceMgmtSystem_17Nov2016.pdf,1
https://dgroups.io/g/CGIAR-gender,1
https://www.cgiar.org/wp/wp-content/uploads/2018/11/SC7-K_Shared-Services.pdf,1
https://storage.googleapis.com/cgiarorg/2020/06/Presentation-on-ISDC-and-Evaluation-Function-by-ISDC-Chair.pdf,1
https://storage.googleapis.com/cgiarorg/2020/11/SC11-02_One-CGIAR-Progress-Report.pdf,1
https://storage.googleapis.com/cgiarorg/2020/06/Workshop-sessions-detailed-FOR-WEB.pdf,1
https://www.ilri.org/news/making-gender-equality-food-systems-%E2%80%98new-normal%E2%80%99-more-equal-and-better-world-all,1
https://storage.googleapis.com/cgiarorg/2020/11/SC-Members-Website_25November2020_v2.pdf,1
https://media.nature.com/original/magazine-assets/d41586-020-02849-6/d41586-020-02849-6.pdf,1
https://mailchi.mp/18930f568c52/cgiar-collaborative-platform-for-gender-research-newsletter-issue1-2632237,1
https://storage.googleapis.com/cgiarorg/2020/10/Annex-2_CGIAR-System-Organization-Agreement-for-Services.pdf,1
https://ebrary.ifpri.org/utils/getfile/collection/p15738coll2/id/133966/filename/134180.pdf,1
https://www.iwmi.cgiar.org/About_IWMI/PDF/iwmi_financial_statements-2018.pdf,1
https://cgspace.cgiar.org/bitstream/handle/10568/107310/CGIAR-GENDER-Platform-Proposal.pdf?sequence=1&isAllowed=y,1
https://storage.googleapis.com/cgiarorg/2018/11/CCAFS-COP24-Info-Note-A-6-part-action-plan-for-transformation.pdf,1
https://www.cgiar.org/wp/wp-content/uploads/2018/10/CGIAR-2017-Performance-Report-ANNEXES.pdf#page=20%20,1
http://www.cifor.org/publications/pdf_files/Books/FTA-Gender-ActionPlan.pdf,1
https://library.cgiar.org/bitstream/handle/10947/4486/CGIAR%20IA%20Principles.pdf?sequence=1,1
https://storage.googleapis.com/cgiarorg/2020/11/Common-Board-Mrbs-ToR_Approved-3Nov2020.pdf,1
http://www.worldagroforestry.org/sites/agroforestry/files/2019-11/Audited%20Financial%20Statements%202018.pdf,1
https://www.slideshare.net/IFPRI-PIM/gender-in-climate-change-agriculture-and-food-security,1
https://www.africarice.org/post/malagasy-women-farmers-continue-to-champion-good-agricultural-practices,1
https://storage.googleapis.com/cgiarorg/2020/11/RFP-Resource-Mobilization-Communication-Advocacy-Analysis-Final.pdf,1
https://www.cgiar.org/,1
https://storage.googleapis.com/cgiarorg/2020/11/SC11-Dialogue-Day-program-1.pdf,1
https://link.springer.com/article/10.1057/s41287-018-0153-4,1
https://www.care.org/newsroom/press/press-releases/covid-19s-gender-implications-examined-in-policy-brief-care,1
https://cgspace.cgiar.org/handle/10568/68985,1
https://storage.googleapis.com/cgiarorg/2020/11/SC11-03a_OneCGIAR-Research-Innovation-Strategy.pdf,1
http://www.culturalpractice.com/wp-content/downloads/4-2009-16.pdf,1
https://ilri.simplicant.com/jobs/34133-science-officer-cgiar-gender-platform/detail,1
https://cgspace.cgiar.org/bitstream/handle/10568/93378/IAF-Strategy.pdf?sequence=1&isAllowed=y,1
https://kit-events.webex.com/kit-events/onstage/playback.php?RCID=2f4873e2f9e0c2778567fda4eb4456cb,1
https://cgspace.cgiar.org/bitstream/handle/10568/97707/LIVESTOCK-Web.pdf?sequence=1&isAllowed=y,1
https://cgspace.cgiar.org/bitstream/handle/10568/105573/CGIAR-Financial-Report-2018.pdf,1
https://www.cgiar.org/wp/wp-content/uploads/2018/08/CGIAR-IFRS-Compliant-Reporting-Guidelines.pdf,1
https://www.cgiar.org/wp/wp-content/uploads/2018/05/SC6-08_Chairs-Summary.pdf,1
https://storage.googleapis.com/cgiarorg/2020/11/Annex-2_CGIAR-System-Organization-Agreement-for-Services.pdf,1
https://storage.googleapis.com/cgiarorg/2020/05/One-CGIAR-endorsed-destination-transition-roles-timeline.pdf,1
https://gennovate.org/study-rationale-and-objectives/,1
http://library.cgiar.org/bitstream/handle/10947/4488/Open%20Access%20Data%20Management%20Policy.pdf?sequence=1,1
http://iea.cgiar.org/wp-content/uploads/2016/10/WHEAT_Volume-1.FINAL_-1.pdf,1
https://storage.googleapis.com/cgiarorg/2020/11/SC-11-CAS-Side-Event-Program-Synopsis.pdf,1
https://excellenceinbreeding.org/sites/default/files/manual/EiB-M2_Breeding%20process%20assessment-Genetic%20Gain_20-11-20.pdf,1
https://doi.org/10.2499/p15738coll2.134037,1
https://ebrary.ifpri.org/utils/getfile/collection/p15738coll2/id/128170/filename/128381.pdf,1
https://www.ifpri.org/cdmref/p15738coll2/id/132707/filename/132919.pdf,1
https://storage.googleapis.com/cgiarorg/2020/11/SC11-Dialogue-Speaker-Bios.pdf,1
https://www.icrisat.org/wp-content/uploads/2020/09/ICRISAT-Financial-Statements-2018.pdf,1
https://www.cgiar.org/wp/wp-content/uploads/2018/11/SC7%C2%ADG_-2019-2021-Financing-Plan.pdf,1
https://www.youtube.com/playlist?list=PLwUrVRkiQldosvA36DCBPzJKutMiGGGX4,1
https://storage.googleapis.com/cgiarorg/2020/11/SC-Members-Website_18November2020.pdf,1
http://www.cifor.org/library/4737/forest-research-and-gender-a-review-of-available-methods-for-promoting-equity/,1
https://storage.googleapis.com/cgiarorg/2020/08/Webinar-3-Introduction-to-One-CGIAR.pdf,1
https://storage.googleapis.com/cgiarorg/2020/11/FAQ-Resource-Mobilization-Communication-and-Advocacy-Analysis-12-08-20.pdf,1
https://www.ifpri.org/cdmref/p15738coll2/id/133701/filename/133912.pdf,1
https://storage.googleapis.com/cgiarorg/2019/09/578f8b87-annex-4-external-partnerships-in-2018.pdf,1
https://cgspace.cgiar.org/handle/10568/76974,1
https://www.harvestplus.org/knowledge-market/in-the-news/empowering-women-farm-through-value-chain-nutrient-enriched-crops,1
https://storage.googleapis.com/cgiarorg/2020/05/CGIAR-Framework-Declarations-of-Interest.pdf,1
https://cgspace.cgiar.org/handle/10568/75779,1
http://www.sciencedirect.com/science/article/pii/S0306919217303688,1
https://www.youtube.com/channel/UCYuSEwWKAsoNwg6MJEI-qeA,1
https://kit-events.webex.com/kit-events/lsr.php?RCID=2d868ea44d202be64fd909eb4bb2829f,1
https://storage.googleapis.com/cgiarorg/2020/11/SC11-04b_Investment-Plan-CGIAR-2022-24-outline-for-SC-2.pdf,1
https://storage.googleapis.com/cgiarorg/2020/11/Policy-Note-5-Climate-Security-in-Colombia-For-Publishing-1.pdf,1
https://www.cifor.org/publications/pdf_files/Financialstatements/FS2019.pdf,1
http://iea.cgiar.org/wp-content/uploads/2016/10/GRISP-Evaluation-Volume-1-Final.pdf,1
https://storage.googleapis.com/cgiarorg/2019/11/934a5b6e-sc9-06-dashboard-background.pdf,1
https://www.care.org/sites/default/files/gendered_implications_of_covid-19_-_executive_summary.pdf,1
https://cgspace.cgiar.org/bitstream/handle/10568/107173/08_PIM_2020%20POWB_final.pdf?sequence=1&isAllowed=y,1
https://cgspace.cgiar.org/bitstream/handle/10568/92448/BIG-DATA-2017-POWB.pdf?sequence=1&isAllowed=y,1
http://www.cifor.org/publications/pdf_files/FTABrief/7281-FTABrief.pdf,1
https://mailchi.mp/8bfa3aff9e6f/womens-empowerment,1
http://eservices.africarice.org/Eguides/Files/PSU/Bid%20Invitation%20Letter%20Breeding%20Management%20System%20(BMS)%20Development.pdf,1
https://storage.googleapis.com/cgiarorg/2020/11/SC11-Dialogue-Day-program.pdf,1
https://cgspace.cgiar.org/bitstream/handle/10568/89820/BIG-DATA-Web.pdf?sequence=4&isAllowed=y,1
https://www.linkedin.com/company/cgiar,1
https://storage.googleapis.com/cgiarorg/2020/11/SB18-03a_2021-FinPlan-and-Guidance.pdf,1
https://storage.googleapis.com/cgiarorg/2020/11/SB-ARC-ToR_Approved-3Nov2020.pdf,1
https://repository.cimmyt.org/bitstream/handle/10883/20359/60984.pdf?sequence=1&isAllowed=y,1
https://storage.googleapis.com/cgiarorg/2020/04/TCF-Co-Chairs-Message-4th-edition-April-2020.pdf,1
https://cipotato.org/blog/south-asia-women-agriculture-during-covid-19/,1
https://cgspace.cgiar.org/bitstream/handle/10947/4488/Open%20Access%20Data%20Management%20Policy.pdf?sequence=1,1
https://storage.googleapis.com/cgiarorg/2019/05/SC8-Chairs-Summary.pdf,1
https://repository.cimmyt.org/bitstream/handle/10883/21038/62944.pdf?sequence=1&isAllowed=y,1
https://cgspace.cgiar.org/rest/bitstreams/60479/retrieve,1
http://library.cgiar.org/bitstream/handle/10947/4487/Implementation%20Guidelines%20for%20the%20CGIAR%20IA%20Principles.pdf?sequence=1,1
https://storage.googleapis.com/cgiar-gdi/2020/09/72b51e59-cgiar-gdi-gender-pronouns.pdf,1
https://kit-events.webex.com/kit-events/lsr.php?RCID=c65bccadbe6bf743d76cd0ddfb593bcb,1
https://repository.cimmyt.org/bitstream/handle/10883/20903/62191.pdf?sequence=1&isAllowed=y,1
http://documents.worldbank.org/curated/en/820851467992505410/pdf/102114-REVISED-PUBLIC-WBG-Gender-Strategy.pdf,1
https://www.ifpri.org/cdmref/p15738coll2/id/133988/filename/134197.pdf,1
http://library.cgiar.org/bitstream/handle/10947/3737/CGIAR%20Open%20Access%20and%20Open%20Data%20Phase%20I.pdf?sequence=4,1
https://cas.cgiar.org/sites/default/files/images/Publications/Ethiopia%20Strategic%20Review%202-Page%20Brief%20SPIA%202020.pdf,1
https://storage.googleapis.com/cgiarorg/2020/05/0a8fed53-smb17-06_chairssummary.pdf,1
http://oar.icrisat.org/10650/,1
https://storage.googleapis.com/cgiarorg/2018/11/SC7-02_CGIAR-System_BusinessPlan_2019-2021.pdf,1
https://www.irri.org/,1
https://storage.googleapis.com/cgiar-gdi/2020/08/57617c60-cgiar-counselling-services.pdf,1
http://www.ilri.org/,1
https://cgspace.cgiar.org/handle/10568/33440,1
https://www.ifpri.org/cdmref/p15738coll2/id/133970/filename/134178.pdf,1
https://www.irri.org/talentlink/details.html?id=Q7LFK026203F3VBQB79QWQWAS&nPostingID=1265&nPostingTargetID=2397&mask=irriext&lg=EN,1
https://cgspace.cgiar.org/bitstream/handle/10568/89824/RTB-Web.pdf?sequence=4&isAllowed=y,1
https://ebrary.ifpri.org/utils/getfile/collection/p15738coll2/id/133762/filename/133971.pdf,1
https://cgspace.cgiar.org/bitstream/handle/10568/109227/GDI-Matrix-Factsheet-August-2020.pdf?sequence=1&isAllowed=y,1
https://www.oecd.org/derec/denmark/45670567.pdf,1
http://www.indepthresearch.org/agriculture/project-management-monitoring-and-development-evaluation/2888-gender-approaches-to-agricultural-extension-practices-course,1
https://www.canberra.edu.au/research/faculty-research-centres/aisc/seeds-of-change,1
https://a4nh.cgiar.org/2020/10/14/el-rol-de-la-mujer-rural-en-el-sistema-agroalimentario-latinoamericano/?utm_source=CGIAR+GENDER+Platform+mailing+list&utm_campaign=b490e7c610-EMAIL_CAMPAIGN_2020_07_10_12_51_COPY_01&utm_medium=email&utm_term=0_050d5574bc-b490e7c610-327643913,1
https://storage.googleapis.com/cgiarorg/2019/12/Message-for-CGIAR-One-CGIAR.pdf,1
https://storage.googleapis.com/cgiarorg/2020/11/SC-Decision_Committees-Membership.pdf,1
https://storage.googleapis.com/cgiarorg/2020/02/SMB16-10_ChairsSummary-Final.pdf,1
https://storage.googleapis.com/cgiarorg/2020/06/SC10-10_Chairs-Summary_web.pdf,1
https://storage.googleapis.com/cgiarorg/2020/06/SC10-01_Agenda-ADOPTED.pdf,1
https://www.ifpri.org/blog/why-gender-matters-covid-19-responses-%E2%80%93-now-and-future,1
https://storage.googleapis.com/cgiarorg/2020/12/HighLevelSummary-Functions-CGIARSystem_updatedSep2020.pdf,1
https://storage.googleapis.com/cgiarorg/2020/04/ISDC-MemberCompetencies.pdf,1
http://www.ilo.org/empent/Publications/WCMS_106538/lang--en/index.htm,1
https://storage.googleapis.com/cgiarorg/2019/11/ICRISAT_Annual_Report_2018.pdf,1
http://www.icrisat.org/wp-content/uploads/2017/05/Annual-Report-2016.pdf,1
https://storage.googleapis.com/cgiarorg/2020/11/SC11-SPIA-Progress-Report_November-2020.pdf,1
http://library.cgiar.org/bitstream/handle/10947/4465/TOR-SystemCouncil-Chair_July2016.pdf?sequence=1,1
https://cgspace.cgiar.org/bitstream/handle/10568/99465/Malawi%20CSA%20MRV%20Profile(v4)_5Feb2019.pdf,1
https://storage.googleapis.com/cgiarorg/2020/02/TOR_DGs-Convener_v13Dec2019.pdf,1
https://storage.googleapis.com/cgiarorg/2020/07/ONE-CGIAR-Transition-roles.pdf,1
https://twitter.com/cgiar,1
https://cgspace.cgiar.org/bitstream/handle/10568/105677/CCAFS_POWB_2019.pdf?sequence=1&isAllowed=y,1
http://iea.cgiar.org/wp-content/uploads/2016/10/CapDev_Eval-Report-Vol-I-_-Report.pdf,1
https://cgspace.cgiar.org/bitstream/handle/10568/93392/CGIAR-System-Internal-Audit-Function-CHARTER.pdf?sequence=1&isAllowed=y,1
https://digitalarchive.worldfishcenter.org/bitstream/handle/20.500.12348/3788/CRP-FISH_2018_Annual-Report.pdf?sequence=2&isAllowed=y,1
https://storage.googleapis.com/cgiarorg/2018/03/GA2-16_Co-ChairsSummary-1.pdf,1
https://storage.googleapis.com/cgiarorg/2020/11/SB_Decision_Register.pdf,1
http://www.fao.org/3/a-i6462e.pdf,1
https://cgspace.cgiar.org/bitstream/handle/10568/105678/EiB_2019_POWB_CGIAR_Version.pdf?sequence=1&isAllowed=y,1
http://library.cgiar.org/bitstream/handle/10947/4434/2_PIM_CRP%20and%20FP%20Narratives%20Proposal%202017-2022.pdf?sequence=1,1
https://staffrecruitment.coventry.ac.uk/tlive_webrecruitment/wrd/run/ETREC107GF.open?VACANCY_ID=547362C2po&WVID=1861420Izv&LANG=USA,1
http://iea.cgiar.org/wp-content/uploads/2016/10/Brief_2016.pdf,1
https://cgspace.cgiar.org/handle/10568/68922,1
https://storage.googleapis.com/cgiarorg/2020/11/Vacancy-Announcement-CGIAR-Ethics-Counsel-1.pdf,1
https://storage.googleapis.com/cgiarorg/2020/08/ICRISAT-Annual-Report-2019.pdf,1
https://storage.googleapis.com/cgiarorg/2020/12/RFP-HR-Consultancy-to-support-One-CGIAR-Transition-17122020-2.pdf,1
https://storage.googleapis.com/cgiarorg/2020/11/System-Board-Rules-of-Procedure_Approved3Nov2020.pdf,1
https://www.ifpri.org/project/weai,1
https://storage.googleapis.com/cgiarorg/2018/10/CGIAR-PR-2017-Short-Version-Low-Res.pdf,1
https://storage.googleapis.com/cgiarorg/2020/06/SC10-08-ConsentAgenda-SC-Chair-appoint.pdf,1
https://onlinelibrary.wiley.com/doi/abs/10.1111/1467-7660.00125,1
https://storage.googleapis.com/cgiarorg/2020/05/04215189-one-cgiar-newsletter_22may.pdf,1
https://storage.googleapis.com/cgiarorg/2020/09/SMB-Members_Website_to-31Aug2020.pdf,1
http://a4nh.cgiar.org/2019/12/06/7-1-ways-to-improve-research-on-the-impact-of-womens-empowerment-on-child-nutrition/,1
https://cgspace.cgiar.org/bitstream/handle/10947/4483/FG%203%20-%20Auditing.pdf?sequence=1&isAllowed=y,1
http://foreststreesagroforestry.org/wp-content/uploads/pdf/FTA-MELIA-brochure.pdf,1
https://repository.cimmyt.org/xmlui/bitstream/handle/10883/20997/62776.pdf?sequence=1&isAllowed=y,1
https://storage.googleapis.com/cgiarorg/2020/11/SC11-03b_CGIAR-Performance-and-Results-Management-Framework-2022-30.pdf,1
http://www.fao.org/docrep/015/md280e/md280e00.pdf,1
https://storage.googleapis.com/cgiarorg/2020/11/SC11-Dialogue-Day-program-2.pdf,1
https://storage.googleapis.com/cgiar-gdi/2020/08/0c8d2d02-cgiar-gdi-anti-racism-factsheet.pdf,1
http://iea.cgiar.org/wp-content/uploads/2016/10/Maize-Volume-1-Final.pdf,1
https://storage.googleapis.com/cgiarorg/2020/11/Policy-Note-4-Climate-Security-in-the-Sahel-For-Publishing.pdf,1
https://storage.googleapis.com/cgiarorg/2020/07/2019-Genebank-Platform-Annual-Report.pdf,1
http://iea.cgiar.org/wp-content/uploads/2016/10/Evaluation-Brief-RTB.pdf,1
http://eservices.africarice.org/Eguides/Files/PSU/RFP%20QUALITY%20BAG%20SUPPLY%20IN%20WEST%20AFRICA%2011122020.pdf,1
https://storage.googleapis.com/cgiarorg/2019/10/ec5c109a-sc9-05-apr2018-key-messages.pdf,1
https://storage.googleapis.com/cgiarorg/2018/04/AfricaRice-AnnualReport-2016.pdf,1
https://storage.googleapis.com/cgiarorg/2020/11/SC11-01_Provisional-Agenda.pdf,1
https://storage.googleapis.com/cgiarorg/2020/07/ONE-CGIAR-Members-CGIAR-TCF-TAGs.pdf,1
http://iea.cgiar.org/wp-content/uploads/2016/10/RTB-Evaluation-Final-Report-Volume-I-1.pdf,1
https://www.slideshare.net/IFPRI-PIM/reducing-social-gaps-in-access-to-seeds-a-cluster-randomized-trial-in-kenya,1
https://trialsjournal.biomedcentral.com/articles/10.1186/s13063-017-2156-4,1
https://www.cgiar.org/wp/wp-content/uploads/2019/07/EQA-Consolidated-Report-Website.pdf,1
https://www.cifor.org/library/6793/making-sense-of-intersectionality-a-manual-for-lovers-of-people-and-forests/,1
https://storage.googleapis.com/cgiarorg/2020/05/SC10-04_OneCGIAR-Transitional-Funding-Approach.pdf,1
http://www.ifpri.org/cdmref/p15738coll2/id/132555/filename/132766.pdf,1
https://storage.googleapis.com/cgiarorg/2018/05/SC7-Chairs-Summary.pdf,1
https://www.irri.org/news-and-events/news/climate-change%E2%80%99s-fury-road-equipping-women-steer-towards-resilient-agricultural,1
https://www.cgiar.org/wp/wp-content/uploads/2018/09/RoleDescription_ExecutiveDirector_2016.pdf,1
http://iea.cgiar.org/wp-content/uploads/2016/10/REPORT-CGIAR-Gender-in-Research-Vol-I-1.pdf,1
http://www.fao.org/ag/againfo/resources/en/publications/tackling_climate_change/index.htm,1
http://www.pim.cgiar.org/files/2012/05/Standards-for-Collecting-Sex-Disaggregated-Data-for-Gender-Analysis.pdf,1
https://storage.googleapis.com/cgiarorg/2020/07/GDI-in-CGIAR%E2%80%99s-Workplaces-Handbook-July-2020.pdf,1
https://www.ifpri.org/cdmref/p15738coll2/id/132911/filename/133123.pdf,1
https://storage.googleapis.com/cgiarorg/2018/11/SC7-B_Breeding-Initiative-1.pdf,1
https://ebrary.ifpri.org/utils/getfile/collection/p15738coll2/id/133965/filename/134181.pdf,1
https://cas.cgiar.org/sites/default/files/images/Publications/Ethiopia%20Strategic%20Review%20SPIA%202020.pdf,1
https://www.cgiar.org/wp/wp-content/uploads/2018/10/SC7-J_Special-funding-initiative-Center-Alliances.pdf,1
http://www.cifor.org/publications/pdf_files/FTABrief/7270-FTABrief.pdf,1
https://issdafrica.org/2020/03/23/opportunity-literature-review-on-gender-dynamics-in-seed-systems/,1
https://www.genebanks.org/wp-content/uploads/2020/07/2019-Genebank-Platform-Annual-Report.pdf,1
https://storage.googleapis.com/cgiarorg/2019/11/SC9-02_SRG-Recommendations-OneCGIAR.pdf,1
https://digitalarchive.worldfishcenter.org/bitstream/handle/20.500.12348/3626/WorldFish-Annual-Report-2018.pdf?sequence=4&isAllowed=y,1
https://www.cgiar.org/wp/wp-content/uploads/2019/04/CGIAR-Cost-Principles-and-Indirect-Cost-Guidelines.pdf,1
https://storage.googleapis.com/cgiarorg/2020/07/Operating-Architecture-and-Terms-of-Reference-for-CGIAR-Gender-Diversity-and-Inclusion_2020.pdf,1
https://www.ifpri.org/cdmref/p15738coll2/id/132552/filename/132764.pdf,1
https://africacgg.net/2018/07/31/socio-economic-marketing-and-gender-aspects-of-village-chicken-production-in-the-tropics/,1
https://storage.googleapis.com/cgiarorg/2020/05/HarvestPlus-2019-Annual-Report.pdf,1
https://storage.googleapis.com/cgiarorg/2020/11/Annex-1_CGIAR-System-Organization-Agreement-for-Services.pdf,1
https://storage.googleapis.com/cgiarorg/2020/08/GA4-02_Co-ChairsSummary.pdf,1
https://storage.googleapis.com/cgiarorg/2020/01/TOR-SMBChair_Aug2017.pdf,1
http://jobs.iita.org/eRecruit/Home/GetDocument/1202?utm_source=feedburner&utm_medium=email&utm_campaign=Feed%3A+CGIAR-Site-Updates+%28CGIAR+Site+Updates%29,1
https://storage.googleapis.com/cgiarorg/2020/05/7f11164d-qa-transition-one-cgiar-20200520.pdf,1
https://library.cgiar.org/bitstream/handle/10947/4649/Unofficial%20consolidated%20version%20of%20the%20Agreement%20establishing%20the%20CGIAR%20System%20Organization%20as%20an%20International%20Organization%20%28English%29.pdf?sequence=1,1
https://storage.googleapis.com/cgiarorg/2020/11/SC-Decision_WPB-2021-CAS.pdf,1
https://www.cgiar.org/wp/wp-content/uploads/2018/12/Risk-Management-Framework-APPROVED.pdf,1
https://storage.googleapis.com/cgiarorg/2020/11/SB18-02aii_CGIAR-Performance-and-Results-Management-Framework-2022-30.pdf,1
https://repository.cimmyt.org/bitstream/handle/10883/21039/62908.pdf?sequence=1&isAllowed=y,1
https://www.cgiar.org/wp/wp-content/uploads/2018/07/CGIAR-System_Risk-Appetite-Statement-APPROVED.pdf,1
https://gennovate.org/research-reports/,1
https://library.cgiar.org/bitstream/handle/10947/3865/CGIAR%20Strategy%20and%20Results%20Framework.pdf?sequence=5,1
https://mailchi.mp/6e2f418c2a0d/gender-matters-covid-19-responses,1
https://cipotato.org/blog/elevating-womens-role-improve-food-systems/,1
https://www.cgiar.org/wp/wp-content/uploads/2019/03/SMB13-03_GR-policy-issues.pdf,1
https://storage.googleapis.com/cgiarorg/2020/11/Annex-1_CGIAR-System-Organization-Agreement-for-Services-231120.pdf,1
https://storage.googleapis.com/cgiarorg/2020/11/SC-Decision_ISDC-app-process-2021.pdf,1
https://library.cgiar.org/bitstream/handle/10947/2875/CGIAR%20OA%20Policy%20-%20October%202%202013%20-%20Approved%20by%20Consortium%20Board.pdf?sequence=1,1
https://www.cgiar.org/news-events/news/policy-seminar-social-safety-nets-as-a-covid-19-response-to-protect-food-security-and-nutrition/,1
https://cgspace.cgiar.org/bitstream/handle/10568/108489/Actions%20to%20Transform%20Food%20Systems%20Under%20Climate%20Change.pdf,1
https://storage.googleapis.com/cgiarorg/2020/11/SC11-Evaluative-reviews.pdf,1
https://storage.googleapis.com/cgiarorg/2020/11/SC-Members-Website_25November2020.pdf,1
https://library.cgiar.org/bitstream/handle/10947/4370/Charter%20CGIAR%20Organization.pdf?sequence=4,1
https://storage.googleapis.com/cgiarorg/2020/10/DiagramSep2020.pdf,1
https://cgspace.cgiar.org/bitstream/handle/10568/107180/01_A4NH%202020POWB_submitted.pdf?sequence=1&isAllowed=y,1
https://www.cgiar.org/wp/wp-content/uploads/2019/04/SC8-09_Alliance-Funding.pdf,1
https://www.tandfonline.com/doi/full/10.1080/09614524.2018.1447550?scroll=top&needAccess=true,1
http://gender.ifpri.info/,1
http://www.africarice.org/publications/AR2017/AfricaRice-AnnualReport-2017.pdf,1
https://storage.googleapis.com/cgiarorg/2020/11/SB18-02bi_Draft-Investment-Plan-Initiative-process-document.pdf,1
https://www.slideshare.net/CGIAR/presentations,1
https://storage.googleapis.com/cgiarorg/2020/11/System-Board-Decision-Register-November-2020.pdf,1
https://gender.cgiar.org/wp-content/uploads/2020/03/Gender-Platform-A4.pdf,1
https://storage.googleapis.com/cgiarorg/2020/11/SC11-03a_OneCGIAR-Strategy-26-Nov-SPREADS-updated.pdf,1
https://www.frontiersin.org/articles/10.3389/fagro.2020.00007/full?utm_source=F-NTF&utm_medium=EMLX&utm_campaign=PRD_FEOPS_20170000_ARTICLE,1
https://www.cgiar.org/wp/wp-content/uploads/2019/06/SC_RulesofProcedure_26Sept2016.pdf,1
https://storage.googleapis.com/cgiarorg/2020/04/SMB17A_Record-of-Decisions.pdf,1
https://www.cgiar.org/wp/wp-content/uploads/2018/07/CGIAR-System_Risk-Mgmt-Guidelines-APPROVED.pdf,1
https://storage.googleapis.com/cgiar-gdi/2020/11/abcd68f5-wellness@cgiar_ppt_final.pdf,1
https://storage.googleapis.com/cgiarorg/2019/11/77da539b-45-bcs-to-sc-.pdf,1
http://weai.ifpri.info/,1
https://twitter.com/CGIARgender,1
https://www.facebook.com/CGIAR-270424969671619/?hc_ref=SEARCH&fref=nf,1
http://eservices.africarice.org/Eguides/Files/PSU/Bid%20Invitation%20Letter%20Cloud%20server%20service%20for%20hosting%20the%20Breeding%20Management%20System(BMS).pdf,1
http://books.irri.org/Approved-IPC-Policy-291017.pdf,1
https://storage.googleapis.com/cgiarorg/2020/11/FAQs_IT-Research-Advisory-Services-Pre-Proposal-Questions.pdf,1
https://mailchi.mp/400eb6a9fd53/rural-women-2020,1
http://www.mopanonline.org/assessments/cgiar2019/One%20CGIAR%20MOPAN%20Response.pdf,1
https://www.slideshare.net/CGIAR/validating-gender-in-value-chains-tools-the-case-of-the-pmca?qid=06bfeb63-bfc9-4ae6-8729-c61eb599310c&v=&b=&from_search=1,1
https://storage.googleapis.com/cgiarorg/2020/07/CGIAR-RM-Comms-Advocacy-Strategy-Working-Paper.pdf,1
https://cgspace.cgiar.org/bitstream/handle/10568/100691/Call-for-proposals-cgiar-gender-equality-in-food-systems-research-platform.pdf?sequence=1&isAllowed=y,1
https://storage.googleapis.com/cgiarorg/2020/12/SB-Decision-Register.pdf,1
https://www.cgiar.org/wp/wp-content/uploads/2018/09/Status-of-Evaluations-Impact-Assessments-learning-exercises-in-2017.pdf,1
https://www.cgiar.org/wp/wp-content/uploads/2018/10/CGIAR-2017-Performance-Report-ANNEXES.pdf#page=39,1